publication_id,doi,pmid,title,journal,year,authors_raw,author_orcids,citations,rcr,keywords,url,tenant,security_label,access_policy,claim_status,confidence,evidence_source,ingestion_agent,generated_at
34f1b5d7-0c09-4ad2-810f-9ffb8646fb4e,,41331138,CaBLAM: a high-contrast bioluminescent Ca<sup>2+</sup> indicator derived from an engineered Oplophorus gracilirostris luciferase.,Nat Methods,2026,"Lambert, Gerard G, Crespo, Emmanuel L, Murphy, Jeremy, Turner, Kevin L, Gershowitz, Emily, Cunningham, Michaela, Boassa, Daniela, Luong, Selena, Celinskis, Dmitrijs, Allen, Justine J, Venn, Stephanie, Zhu, Yunlu, Karadas, Mürsel, Chen, Jiakun, Marisca, Roberta, Gelnaw, Hannah, Nguyen, Daniel K, Hu, Junru, Sprecher, Brittany N, Tree, Maya O, Orcutt, Richard, Heydari, Daniel, Bell, Aidan B, Torreblanca-Zanca, Albertina, Hakimi, Ali, Czopka, Tim, Shoham, Shy, Nagel, Katherine I, Schoppik, David, Andrade, Arturo, Lipscombe, Diane, Moore, Christopher I, Hochgeschwender, Ute, Shaner, Nathan C",0000-0001-5595-8548;0000-0002-3044-7079;0009-0007-6475-0379;0000-0003-4631-4139;0000-0001-9974-4226;0000-0002-7970-796X;0000-0001-5032-3834;0000-0002-1016-6093;0000-0001-7969-9632;0000-0003-4534-1602;0000-0002-0148-0769,2,0,Animals;Calcium;Luminescent Measurements;Luciferases;Neurons;Calcium Signaling;Mice;Humans;HEK293 Cells,https://pubmed.ncbi.nlm.nih.gov/41331138/,consortium-alpha,Public,policy-public-read,,,,crossref-ingestion-agent,2026-08-11 18:47:31.797463+00
b9eade70-cfdd-4e64-93de-d3388fa35978,,41571550,The FDA's plan to phase out animal testing.,Trends Biotechnol,2026,"Gerke, Sara, Balamut, Jacob, Wagner, Jennifer K",,4,0,FDA;FDA Modernization Act 2.0 and 3.0;NAMs;New Approach Methodologies;animal testing,https://pubmed.ncbi.nlm.nih.gov/41571550/,consortium-alpha,Public,policy-public-read,,,,crossref-ingestion-agent,2026-08-11 18:47:31.797463+00
ef5f9a9f-055b-4053-918e-d8e2fde0551e,,38826315,How cortico-basal ganglia-thalamic subnetworks can shift decision policies to maximize reward rate.,bioRxiv,2025,"Bahuguna, Jyotika, Verstynen, Timothy, Rubin, Jonathan E",0000-0002-2858-5325;0000-0003-4720-0336;0000-0002-1513-1551,2,0,,https://pubmed.ncbi.nlm.nih.gov/38826315/,consortium-alpha,Public,policy-public-read,,,,crossref-ingestion-agent,2026-08-11 18:47:31.797463+00
7ac42f55-136d-40f0-b8e6-c73b2bcf56f1,,38979377,Distinct dopaminergic spike-timing-dependent plasticity rules are suited to different functional roles.,bioRxiv,2025,"Sosis, Baram, Rubin, Jonathan E",0009-0008-0033-5691;0000-0002-1513-1551,0,0,Action selection;Basal ganglia;Dopamine;Reward prediction;STDP;Synaptic plasticity;Value estimation,https://pubmed.ncbi.nlm.nih.gov/38979377/,consortium-alpha,Public,policy-public-read,,,,crossref-ingestion-agent,2026-08-11 18:47:31.797463+00
8201e8df-6e23-4af5-987a-f233402fcd5a,,40527329,Prioritized learning of cross-population neural dynamics.,J Neural Eng,2025,"Jha, Trisha, Sani, Omid G, Pesaran, Bijan, Shanechi, Maryam M",0009-0002-7532-8142;0000-0003-3032-5669;0000-0003-4116-0038;0000-0002-0544-7720,0,0,"dimensionality reduction;linear dynamical systems;multiregional modeling;Models, Neurological;Brain Mapping;Neural Pathways;Motor Cortex;Stereotaxic Techniques;Animals;Haplorhini;Algorithms",https://pubmed.ncbi.nlm.nih.gov/40527329/,consortium-alpha,Public,policy-public-read,,,,crossref-ingestion-agent,2026-08-11 18:47:31.797463+00
a8446c7f-0802-4859-8726-a989967dae4c,,40582587,GMFOLD: Subgraph matching for high-throughput DNA-aptamer secondary structure classification and machine learning interpretability.,Math Biosci,2025,"Climaco, Paolo, Mitchell, Noelle M, Tyler, Matthew J, Yang, Kyungae, Andrews, Anne M, Bertozzi, Andrea L",,0,0,"Aptamer;DNA descriptors;DNA folding;Motzkin paths;SELEX;Spectral clustering;Subgraph matching;Topic modeling;Aptamers, Nucleotide;Machine Learning;Nucleic Acid Conformation;Algorithms;Computational Biology",https://pubmed.ncbi.nlm.nih.gov/40582587/,consortium-alpha,Public,policy-public-read,,,,crossref-ingestion-agent,2026-08-11 18:47:31.797463+00
261076a5-3865-41cb-8af2-4c6ee4f5fcd4,,41093749,Prefrontal and Subcortical c-Fos Mapping of Reward Responses across Competitive and Social Contexts.,eNeuro,2025,"De Paula Cunha Almeida, Caroline, Cum, Meghan, Illescas-Huerta, Elizabeth, Chambers, Amelia, Ye, Charles, Shah, Aarna, Jain, Ayush, Li, Albert, Padilla-Coreano, Nancy",0009-0004-9299-992X;0009-0005-4097-1666;0009-0000-8962-6904;0009-0001-4532-5074;0000-0001-9293-2697,0,0,c-Fos;dominance;prefrontal;reward;social context;Animals;Reward;Male;Prefrontal Cortex;Proto-Oncogene Proteins c-fos;Mice;Social Dominance;Competitive Behavior;Brain Mapping;Social Behavior,https://pubmed.ncbi.nlm.nih.gov/41093749/,consortium-alpha,Public,policy-public-read,,,,crossref-ingestion-agent,2026-08-11 18:47:31.797463+00
6fb73bfd-21d3-484e-a8a6-237568fa20c4,,38776923,Chemical interplay between gut microbiota and epigenetics: Implications in circadian biology.,Cell Chem Biol,2025,"Sharma, Samskrathi Aravinda, Oladejo, Sarah Olanrewaju, Kuang, Zheng",,11,5.462179338519115,"HDAC;SCFAs;circadian clock;histone modification;immunity;metabolism;metabolites;microbiome;Gastrointestinal Microbiome;Humans;Epigenesis, Genetic;Circadian Rhythm;Animals",https://pubmed.ncbi.nlm.nih.gov/38776923/,consortium-alpha,Public,policy-public-read,,,,crossref-ingestion-agent,2026-08-11 18:47:31.797463+00
12e91326-158d-4b16-acb2-143e06c21732,,41536438,Delivery of Angiogenic Therapy from Flowable Hyaluronic Acid Porous Scaffolds Results in Functional Improvement without Anti-Inflammatory Agents.,Adv Funct Mater,2025,"Erning, Kevin, Wilson, Katrina L, Smith, Cara S, Nguyen, Long, Joesph, Neica I, Irengo, Rachel, Cao, Lauren Y, Cumaran, Mohanapriya, Shi, Yi, Lyu, Sihan, Riley, Lindsay, Dunn, Timothy W, Carmichael, S Thomas, Segura, Tatiana",,1,0,MAP;VEGF;angiogenesis;hydrogels;microgel/microparticles;stroke;vessel maturation,https://pubmed.ncbi.nlm.nih.gov/41536438/,consortium-alpha,Public,policy-public-read,,,,crossref-ingestion-agent,2026-08-11 18:47:31.797463+00
e070b984-f08b-4dd0-b3c8-4f876cb3bb07,,38746090,Mimicking opioid analgesia in cortical pain circuits.,bioRxiv,2025,"Oswell, Corinna S, Rogers, Sophie A, James, Justin G, McCall, Nora M, Hsu, Alex I, Salimando, Gregory J, Mahmood, Malaika, Wooldridge, Lisa M, Wachira, Meghan, Jo, Adrienne, Ortega, Raquel Adaia Sandoval, Wojick, Jessica A, Beattie, Katherine, Farinas, Sofia A, Chehimi, Samar N, Rodrigues, Amrith, Wu, Jacqueline K, Ejoh, Lindsay L, Kimmey, Blake A, Lo, Emily, Azouz, Ghalia, Vasquez, Jose J, Banghart, Matthew R, Beier, Kevin T, Creasy, Kate Townsend, Crist, Richard C, Ramakrishnan, Charu, Reiner, Benjamin C, Deisseroth, Karl, Yttri, Eric A, Corder, Gregory",0000-0001-7248-2932,7,3.479355250604673,,https://pubmed.ncbi.nlm.nih.gov/38746090/,consortium-alpha,Public,policy-public-read,,,,crossref-ingestion-agent,2026-08-11 18:47:31.797463+00
6bd8067b-a6cb-4b78-9750-57b6230291bb,,41040797,Dynamical Modeling of Behaviorally Relevant Spatiotemporal Patterns in Neural Imaging Data.,ArXiv,2025,"Hosseini, Mohammad, Shanechi, Maryam M",,0,0,,https://pubmed.ncbi.nlm.nih.gov/41040797/,consortium-alpha,Public,policy-public-read,,,,crossref-ingestion-agent,2026-08-11 18:47:31.797463+00
4403c245-5e22-43bd-8908-ff2a1cd3a55f,,40063703,Interfacing with the Brain: How Nanotechnology Can Contribute.,ACS Nano,2025,"Ahmed, Abdullah A A, Alegret, Nuria, Almeida, Bethany, Alvarez-Puebla, Ramón, Andrews, Anne M, Ballerini, Laura, Barrios-Capuchino, Juan J, Becker, Charline, Blick, Robert H, Bonakdar, Shahin, Chakraborty, Indranath, Chen, Xiaodong, Cheon, Jinwoo, Chilla, Gerwin, Coelho Conceicao, Andre Luiz, Delehanty, James, Dulle, Martin, Efros, Alexander L, Epple, Matthias, Fedyk, Mark, Feliu, Neus, Feng, Miao, Fernández-Chacón, Rafael, Fernandez-Cuesta, Irene, Fertig, Niels, Förster, Stephan, Garrido, Jose A, George, Michael, Guse, Andreas H, Hampp, Norbert, Harberts, Jann, Han, Jili, Heekeren, Hauke R, Hofmann, Ulrich G, Holzapfel, Malte, Hosseinkazemi, Hessam, Huang, Yalan, Huber, Patrick, Hyeon, Taeghwan, Ingebrandt, Sven, Ienca, Marcello, Iske, Armin, Kang, Yanan, Kasieczka, Gregor, Kim, Dae-Hyeong, Kostarelos, Kostas, Lee, Jae-Hyun, Lin, Kai-Wei, Liu, Sijin, Liu, Xin, Liu, Yang, Lohr, Christian, Mailänder, Volker, Maffongelli, Laura, Megahed, Saad, Mews, Alf, Mutas, Marina, Nack, Leroy, Nakatsuka, Nako, Oertner, Thomas G, Offenhäusser, Andreas, Oheim, Martin, Otange, Ben, Otto, Ferdinand, Patrono, Enrico, Peng, Bo, Picchiotti, Alessandra, Pierini, Filippo, Pötter-Nerger, Monika, Pozzi, Maria, Pralle, Arnd, Prato, Maurizio, Qi, Bing, Ramos-Cabrer, Pedro, Genger, Ute Resch, Ritter, Norbert, Rittner, Marten, Roy, Sathi, Santoro, Francesca, Schuck, Nicolas W, Schulz, Florian, Şeker, Erkin, Skiba, Marvin, Sosniok, Martin, Stephan, Holger, Wang, Ruixia, Wang, Ting, Wegner, K David, Weiss, Paul S, Xu, Ming, Yang, Chenxi, Zargarian, Seyed Shahrooz, Zeng, Yuan, Zhou, Yaofeng, Zhu, Dingcheng, Zierold, Robert, Parak, Wolfgang J",0000-0002-8329-4459;0000-0003-4872-3403;0000-0003-4770-5756;0000-0002-1961-4833;0000-0001-8420-0787;0000-0003-4195-9384;0000-0002-3312-1664;0000-0001-8948-5929;0009-0008-3948-2293;0000-0001-9245-3936;0000-0003-1938-553X;0000-0002-1641-7068;0000-0002-9845-9885;0000-0002-5666-6042;0000-0002-7323-2449;0000-0001-5621-1067;0000-0003-1614-2698;0000-0002-2126-9100;0000-0001-5959-6257;0000-0002-0405-2727;0000-0002-4722-1893;0000-0002-2224-6672;0000-0002-9236-157X;0000-0002-5643-0734;0000-0001-6518-6422;0000-0001-8556-5710;0000-0001-5739-8820;0000-0001-8248-5248;0000-0002-2312-7528;0000-0002-6526-4141;0000-0002-6079-109X;0000-0002-8869-8612;0009-0006-4347-1429;0000-0003-0368-7031;0000-0002-0944-1115;0000-0002-0645-5386;0000-0001-7323-9504;0000-0003-4440-3680;0000-0003-2401-3562;0009-0004-5439-6730;0000-0002-2972-2803;0009-0007-1504-921X;0000-0003-0517-1880;0000-0001-5527-6248;0000-0002-4499-6116;0000-0002-5636-4976;0000-0003-0292-0970;0000-0003-1672-6650,18,8.972959397378318,Nanoneuro interface;brain-on-a-chip;brain&#x2212;machine interfaces;control of ion channels;deep brain stimulation;electrode arrays;extracellular recordings;nanostructured interface;neuro-implants;neuronal communication;Nanotechnology;Humans;Brain-Computer Interfaces;Brain;Nanostructures,https://pubmed.ncbi.nlm.nih.gov/40063703/,consortium-alpha,Public,policy-public-read,,,,crossref-ingestion-agent,2026-08-11 18:47:31.797463+00
aa381ac5-fd51-4a3e-a6aa-63d2f31a5dc8,,41040807,BRAID: Input-driven nonlinear dynamical modeling of neural-behavioral data.,ArXiv,2025,"Vahidi, Parsa, Sani, Omid G, Shanechi, Maryam M",,0,0,,https://pubmed.ncbi.nlm.nih.gov/41040807/,consortium-alpha,Public,policy-public-read,,,,crossref-ingestion-agent,2026-08-11 18:47:31.797463+00
32af80b7-6293-4834-a3b2-d44f37b073db,,40832056,An Intelligent Infrastructure as a Foundation for Modern Science.,ArXiv,2025,"Ghosh, Satrajit",,1,0,,https://pubmed.ncbi.nlm.nih.gov/40832056/,consortium-alpha,Public,policy-public-read,,,,crossref-ingestion-agent,2026-08-11 18:47:31.797463+00
e0ad7bf8-09ca-4f37-8598-d3a4ae4f72de,,37425712,CaBLAM! A high-contrast bioluminescent Ca[2+] indicator derived from an engineered Oplophorus gracilirostris luciferase.,bioRxiv,2025,"Lambert, Gerard G, Crespo, Emmanuel L, Murphy, Jeremy, Turner, Kevin, Gershowitz, Emily, Cunningham, Michaela, Boassa, Daniela, Luong, Selena, Celinskis, Dmitrijs, Allen, Justine J, Venn, Stephanie, Zhu, Yunlu, Karadas, Mürsel, Chen, Jiakun, Marisca, Roberta, Gelnaw, Hannah, Nguyen, Daniel K, Hu, Junru, Sprecher, Brittany N, Tree, Maya O, Orcutt, Richard, Heydari, Daniel, Bell, Aidan B, Torreblanca-Zanca, Albertina, Hakimi, Ali, Czopka, Tim, Shoham, Shy, Nagel, Katherine I, Schoppik, David, Andrade, Arturo, Lipscombe, Diane, Moore, Christopher I, Hochgeschwender, Ute, Shaner, Nathan C",0000-0002-1607-1124;0000-0001-5991-5991;0000-0001-5595-8548;0000-0002-3044-7079;0009-0008-4732-4340;0009-0007-6475-0379;0000-0003-4631-4139;0000-0002-8580-7924;0000-0001-9974-4226;0000-0003-2474-2714;0000-0002-3685-576X;0000-0003-1806-2421;0009-0005-5363-2620;0000-0002-7970-796X;0000-0002-2653-265X;0009-0009-2804-6821;0000-0002-1016-6093;0000-0001-9151-0257;0000-0002-6824-8112;0000-0003-0376-3495;0000-0002-6701-3901;0000-0001-7969-9632;0000-0001-6585-2413;0000-0002-7146-9119;0000-0003-4534-1602;0000-0001-5165-6518;0000-0002-0148-0769,5,2.4877397425942385,,https://pubmed.ncbi.nlm.nih.gov/37425712/,consortium-alpha,Public,policy-public-read,,,,crossref-ingestion-agent,2026-08-11 18:47:31.797463+00
d44b52ce-0bf4-43c3-85c9-77c087aa105d,,41321375,Dynamical Modeling of Behaviorally Relevant Spatiotemporal Patterns in Neural Imaging Data.,Proc Mach Learn Res,2025,"Hosseini, Mohammad, Shanechi, Maryam M",,0,0,,https://pubmed.ncbi.nlm.nih.gov/41321375/,consortium-alpha,Public,policy-public-read,,,,crossref-ingestion-agent,2026-08-11 18:47:31.797463+00
a7f6f9bf-0d89-4862-b8d1-1b3d7663924d,,41393219,Wearable organic-electrochemical-transistor-based lithium sensor for precision mental health.,Device,2025,"Islam, Mohammad Shafiqul, Kunnel, Brince Paul, Ferdoushi, Munia, Hassan, Md Farhad, Cha, Sangwon, Cai, Wenxin, Frank, Adam, Khan, Yasser",,0,0,Organic Electrochemical Transistor (OECT);bipolar disorder;flexible and printed electronics;iontophoretic sweat induction;mental health wearable;precision psychiatry;wearable lithium sensor;wearable sweat sensor,https://pubmed.ncbi.nlm.nih.gov/41393219/,consortium-alpha,Public,policy-public-read,,,,crossref-ingestion-agent,2026-08-11 18:47:31.797463+00
5eb7a7ed-1e4b-4621-a5ea-cabc130a8ec0,,40043703,Mapping the landscape of social behavior.,Cell,2025,"Klibaite, Ugne, Li, Tianqing, Aldarondo, Diego, Akoad, Jumana F, Ölveczky, Bence P, Dunn, Timothy W",,13,6.436206914013057,3D animal pose;ASD;animal behavior;autism;computer vision;high-resolution phenotyping;machine learning;neuroscience;social behavior;Animals;Female;Male;Mice;Rats;Autistic Disorder,https://pubmed.ncbi.nlm.nih.gov/40043703/,consortium-alpha,Public,policy-public-read,,,,crossref-ingestion-agent,2026-08-11 18:47:31.797463+00
e3f14972-0600-48a7-b036-21e1b3de7ace,,40166196,How the dynamic interplay of cortico-basal ganglia-thalamic pathways shapes the time course of deliberation and commitment.,bioRxiv,2025,"Yu, Zhuojun, Verstynen, Timothy, Rubin, Jonathan E",0000-0002-4243-2405;0000-0003-4720-0336;0000-0002-1513-1551,0,0,,https://pubmed.ncbi.nlm.nih.gov/40166196/,consortium-alpha,Public,policy-public-read,,,,crossref-ingestion-agent,2026-08-11 18:47:31.797463+00
45d3b5ea-9439-4cf8-aed4-f07072e08abc,,41104294,A Wearable Sweat Rate Sensor with Adaptive Sweat Ion Concentration Calibration.,IEEE Sens Lett,2025,"Islam, Mohammad Shafiqul, Cha, Sangwon, Cai, Wenxin, Ferdoushi, Munia, Khan, Yasser",,1,0,Capacitive Sweat Rate Sensor;Digital Design;Inkjet Printing;Sweat Concentration;Sweat Rate;Sweat Sensing,https://pubmed.ncbi.nlm.nih.gov/41104294/,consortium-alpha,Public,policy-public-read,,,,crossref-ingestion-agent,2026-08-11 18:47:31.797463+00
e4828aea-1261-4797-9247-b3af877ed799,,41256607,Distributed neural computation and the evolution of the first brains.,bioRxiv,2025,"Chandra, Vikram, Nejad, Mehrana R, Kann, Allison P, Salem, Ananya, Hill, Karl A P, Mahadevan, L, Srivastava, Mansi",0000-0002-8020-0664;0000-0002-4670-9141;0000-0003-0111-9081;0000-0002-5114-0519;0000-0002-2126-8634,0,0,,https://pubmed.ncbi.nlm.nih.gov/41256607/,consortium-alpha,Public,policy-public-read,,,,crossref-ingestion-agent,2026-08-11 18:47:31.797463+00
93bc17c5-e6f4-4a28-b86b-328a7158183b,,39747223,Dopaminergic signaling to ventral striatum neurons initiates sniffing behavior.,Nat Commun,2025,"Johnson, Natalie L, Cotelo-Larrea, Anamaria, Stetzik, Lucas A, Akkaya, Umit M, Zhang, Zihao, Gadziola, Marie A, Varga, Adrienn G, Ma, Minghong, Wesson, Daniel W",0000-0002-5247-4860;0000-0002-5027-9623;0000-0002-3192-3866,3,0,"Animals;Ventral Striatum;Receptors, Dopamine D1;Dopamine;Mice;Receptors, Dopamine D2;Male;Smell;Behavior, Animal;Dopaminergic Neurons;Mice, Inbred C57BL;Odorants;Signal Transduction;Neurons;Female",https://pubmed.ncbi.nlm.nih.gov/39747223/,consortium-alpha,Public,policy-public-read,,,,crossref-ingestion-agent,2026-08-11 18:47:31.797463+00
039879ce-4ce7-400c-a0de-1c31c2e55d15,,40514388,Directing negative emotional states through parallel genetically-distinct basolateral amygdala pathways to ventral striatum subregions.,Mol Psychiatry,2025,"Sniffen, Sarah E, Ryu, Sang Eun, Kokoska, Milayna M, Bhattarai, Janardhan, Wang, Yingqi, Thomas, Ellyse R, Skates, Graylin M, Johnson, Natalie L, Chavez, Andy A, Iaconis, Sophia R, Janke, Emma, Zhang, Yun-Feng, Ma, Minghong, Wesson, Daniel W",0009-0003-1298-457X;0000-0002-4102-1380;0009-0000-9480-7179;0009-0006-6711-2025;0000-0001-6324-4115;0000-0002-3192-3866,0,0,"Animals;Basolateral Nuclear Complex;Ventral Striatum;Receptors, Dopamine D1;Receptors, Dopamine D2;Mice;Male;Emotions;Neurons;Neural Pathways;Mice, Inbred C57BL;Amygdala;Mice, Transgenic;Anxiety;Dopamine and cAMP-Regulated Phosphoprotein 32",https://pubmed.ncbi.nlm.nih.gov/40514388/,consortium-alpha,Public,policy-public-read,,,,crossref-ingestion-agent,2026-08-11 18:47:31.797463+00
3aca132d-0da2-4b7c-8a01-14a437e79f5c,,41122417,Printed Wearable Sweat Rate Sensor for Continuous <i>in-situ</i> Perspiration Measurement.,Adv Intell Syst,2025,"Islam, Mohammad Shafiqul, Cha, Sangwon, Hassan, Md Farhad, Cai, Wenxin, Saniat, Tahsin Sejat, Leach, Cedar Rose, Khan, Yasser",,3,0,bioelectronics;capacitive sweat rate sensor;flexible and printed electronics;wearable electronics,https://pubmed.ncbi.nlm.nih.gov/41122417/,consortium-alpha,Public,policy-public-read,,,,crossref-ingestion-agent,2026-08-11 18:47:31.797463+00
85f2a750-95a9-4a6b-8acd-16b4d96f3ae6,,41292955,CapuchinAI 1.0: Development of a machine learning-based touchscreen paradigm to test cognition in wild capuchins.,bioRxiv,2025,"Vargas, Federico Sánchez, Potluri, Sai Rakshith, Abernethy, Jacob, Benítez, Marcela E",0009-0000-5456-5881;0000-0003-3549-4437;0000-0002-3115-6804;0000-0001-7425-9507,0,0,Primate cognition;field experiments;machine learning,https://pubmed.ncbi.nlm.nih.gov/41292955/,consortium-alpha,Public,policy-public-read,,,,crossref-ingestion-agent,2026-08-11 18:47:31.797463+00]
ef9f5b70-0d1f-4a66-8664-c8684eaca089,,39730913,Challenges and opportunities of acquiring cortical recordings for chronic adaptive deep brain stimulation.,Nat Biomed Eng,2025,"Herron, Jeffrey, Kullmann, Aura, Denison, Timothy, Goodman, Wayne K, Gunduz, Aysegul, Neumann, Wolf-Julian, Provenza, Nicole R, Shanechi, Maryam M, Sheth, Sameer A, Starr, Philip A, Widge, Alik S",0000-0002-9813-0094;0000-0001-6625-2946;0000-0002-6758-9708;0000-0002-6952-5417;0000-0002-0544-7720;0000-0003-2733-4003;0000-0001-8510-341X,5,2.4871277970792853,"Deep Brain Stimulation;Humans;Cerebral Cortex;Electrodes;Electrodes, Implanted;Biomarkers",https://pubmed.ncbi.nlm.nih.gov/39730913/,consortium-alpha,Public,policy-public-read,,,,crossref-ingestion-agent,2026-08-11 18:47:31.797463+00
415e7465-0260-40c1-961a-724b791e21f1,,39602254,BCL2 regulates antibacterial autophagy in the intestinal epithelium.,Proc Natl Acad Sci U S A,2024,"Li, Yun, Bel, Shai, Benjamin, Jamaal L, Ruhn, Kelly A, Hassell, Brian, Behrendt, Cassie L, Kuang, Zheng, Hooper, Lora V",0000-0002-7166-4870;0000-0002-2759-4641,2,0.3647395109733438,autophagy;enterocyte;innate immunity;intestinal epithelium;pathogenic bacteria;Animals;Autophagy;Myeloid Differentiation Factor 88;Mice;Beclin-1;Intestinal Mucosa;Salmonella typhimurium;Proto-Oncogene Proteins c-bcl-2;Enterocytes;Signal Transduction,https://pubmed.ncbi.nlm.nih.gov/39602254/,consortium-alpha,Public,policy-public-read,,,,crossref-ingestion-agent,2026-08-11 18:47:31.797463+00
5b5d1166-b2a5-4f67-be77-e61cc1cd989e,,41306626,Spectral Learning of Shared Dynamics Between Generalized-Linear Processes.,Adv Neural Inf Process Syst,2024,"Oganesian, Lucine L, Sani, Omid G, Shanechi, Maryam M",,1,0.13562101729303092,,https://pubmed.ncbi.nlm.nih.gov/41306626/,consortium-alpha,Public,policy-public-read,,,,crossref-ingestion-agent,2026-08-11 18:47:31.797463+00
4f5e0d72-9165-4663-8f47-e8ef152c60e3,,38428520,FMRI correlates of autobiographical memory: Comparing silent retrieval with narrated retrieval.,Neuropsychologia,2024,"Ferris, Charles S, Inman, Cory S, Hamann, Stephan",,3,1.0561202305982904,"Autobiographical memory;Elaboration;Overt retrieval;Search;fMRI;Humans;Brain;Memory, Episodic;Magnetic Resonance Imaging;Brain Mapping;Temporal Lobe;Mental Recall",https://pubmed.ncbi.nlm.nih.gov/38428520/,consortium-alpha,Public,policy-public-read,,,,crossref-ingestion-agent,2026-08-11 18:47:31.797463+00
fd2c0202-1121-41d7-8cd8-4736491feb45,,41048822,Fully-Printed Sensor Based Extended Gate Field Effect Transistors for Wireless Monitoring of Potassium and Ammonium Ions.,Proc IEEE Sens,2024,"Ferdoushi, Munia, Islam, Mohammad Shafiqul, Cai, Wenxin, Galindo, Sandra Lara, Hassan, Md Farhad, Khan, Yasser",,0,0,Extended gate FET;Ion Selective Membrane;Printed Sensor;Wireless,https://pubmed.ncbi.nlm.nih.gov/41048822/,consortium-alpha,Public,policy-public-read,,,,crossref-ingestion-agent,2026-08-11 18:47:31.797463+00
fe08bcd1-d224-43e8-9eba-70bc3afc2bdf,,40988938,Brain-computer interfaces for neuropsychiatric disorders.,Nat Rev Bioeng,2024,"Oganesian, Lucine L, Shanechi, Maryam M",,3,0.8710700702047223,,https://pubmed.ncbi.nlm.nih.gov/40988938/,consortium-alpha,Public,policy-public-read,,,,crossref-ingestion-agent,2026-08-11 18:47:31.797463+00
7947fadd-f16f-48cc-9fdc-6fdda8b5501f,,39634021,Evaluating diurnal rhythms of host responses to enteric norovirus infection in mouse models.,Immunometabolism (Cobham),2024,"Zhang, Jianglin, Orchard, Robert C, Kuang, Zheng",,0,0,circadian rhythms;immune;infection;mucosa;norovirus,https://pubmed.ncbi.nlm.nih.gov/39634021/,consortium-alpha,Public,policy-public-read,,,,crossref-ingestion-agent,2026-08-11 18:47:31.797463+00
2a411993-c47e-4970-b503-3cbd9db30be1,,40761288,HDAC3 regulates the diurnal rhythms of claudin expression and intestinal permeability.,Front Epigenet Epigenom,2024,"Christopher, Hunter, Zhang, Jianglin, Oladejo, Sarah Olanrewaju, Sharma, Samskrathi Aravinda, Kuang, Zheng",,0,0,HDAC3;RNA-sequencing data analysis;circadian rhythms;claudin;histone deacetylation;intestinal permeability;tight junctions,https://pubmed.ncbi.nlm.nih.gov/40761288/,consortium-alpha,Public,policy-public-read,,,,crossref-ingestion-agent,2026-08-11 18:47:31.797463+00
b7300c7a-c456-4f34-9198-b8af65617157,,39282260,Unsupervised discovery of family specific vocal usage in the Mongolian gerbil.,bioRxiv,2024,"Peterson, Ralph E, Choudhri, Aman, Mitelut, Catalin, Tanelus, Aramis, Capo-Battaglia, Athena, Williams, Alex H, Schneider, David M, Sanes, Dan H",,2,0.5368027383852817,bioacoustics;ethology;family behavior;longitudinal monitoring;social behavior;unsupervised machine learning;vocal communication,https://pubmed.ncbi.nlm.nih.gov/39282260/,consortium-alpha,Public,policy-public-read,,,,crossref-ingestion-agent,2026-08-11 18:47:31.797463+00
44306c0b-8707-400a-9049-f89f5ac1682a,,38486714,Introducing the STReaC (Spike Train Response Classification) toolbox.,J Neurosci Methods,2024,"Parker, John E, Aristieta, Asier, Gittis, Aryn, Rubin, Jonathan E",0000-0002-1407-4356;0000-0002-8754-6828;0000-0002-3591-5775;0000-0002-1513-1551,1,0.20311462251920717,Globus Pallidus;Interspike Interval Function;Optogenetics;Spike Density Function;Spike Train;Substantia Nigra;Algorithms,https://pubmed.ncbi.nlm.nih.gov/38486714/,consortium-alpha,Public,policy-public-read,,,,crossref-ingestion-agent,2026-08-11 18:47:31.797463+00
a3f1cd6f-c76f-423c-87ff-4932c8bb4d57,,39680425,Unsupervised discovery of family specific vocal usage in the Mongolian gerbil.,Elife,2024,"Peterson, Ralph E, Choudhri, Aman, Mitelut, Catalin, Tanelus, Aramis, Capo-Battaglia, Athena, Williams, Alex H, Schneider, David M, Sanes, Dan H",0000-0002-2692-5955;0000-0003-0471-9816;0000-0002-3783-6165,9,2.259361952893084,"auditory neuroscience;bioacoustics;ecology;ethology;mongolian gerbil;mongolian gerbil (meriones unguiculatus);neuroscience;social behavior;vocal communication;Animals;Gerbillinae;Vocalization, Animal;Male;Female;Social Behavior",https://pubmed.ncbi.nlm.nih.gov/39680425/,consortium-alpha,Public,policy-public-read,,,,crossref-ingestion-agent,2026-08-11 18:47:31.797463+00
977f9130-9cc2-4328-b441-c4a8f3bb91d3,,39345431,Vocal Call Locator Benchmark (VCL) for localizing rodent vocalizations from multi-channel audio.,bioRxiv,2024,"Peterson, Ralph E, Tanelus, Aramis, Ick, Christopher, Mimica, Bartul, Francis, Niegil, Ivan, Violet J, Choudhri, Aman, Falkner, Annegret L, Murthy, Mala, Schneider, David M, Sanes, Dan H, Williams, Alex H",,0,0,,https://pubmed.ncbi.nlm.nih.gov/39345431/,consortium-alpha,Public,policy-public-read,,,,crossref-ingestion-agent,2026-08-11 18:47:31.797463+00
f711388b-a2d2-4057-b92b-9ddc0201483a,,39703614,"SARTAB, a scalable system for automated real-time behavior detection based on animal tracking and Region Of Interest analysis: validation on fish courtship behavior.",Front Behav Neurosci,2024,"Lancaster, Tucker J, Leatherbury, Kathryn N, Shilova, Kseniia, Streelman, Jeffrey T, McGrath, Patrick T",,0,0,Computer Vision;Machine Learning;behavior;cichlid fish;computational ethology;real-time analysis,https://pubmed.ncbi.nlm.nih.gov/39703614/,consortium-alpha,Public,policy-public-read,,,,crossref-ingestion-agent,2026-08-11 18:47:31.797463+00
351e498b-96c1-4e96-afab-613f06478901,,39536079,Arkypallidal neurons in the external globus pallidus can mediate inhibitory control by altering competition in the striatum.,Proc Natl Acad Sci U S A,2024,"Giossi, Cristina, Bahuguna, Jyotika, Rubin, Jonathan E, Verstynen, Timothy, Vich, Catalina",0000-0001-6873-4404;0000-0002-2858-5325;0000-0003-4720-0336;0000-0002-6305-9371,2,0.45953402501176754,"basal ganglia;decision-making;information flow;reactive inhibitory control;stop-signal task;Globus Pallidus;Neurons;Corpus Striatum;Animals;Neural Pathways;Models, Neurological;Neural Inhibition;Subthalamic Nucleus;Thalamus;Basal Ganglia",https://pubmed.ncbi.nlm.nih.gov/39536079/,consortium-alpha,Public,policy-public-read,,,,crossref-ingestion-agent,2026-08-11 18:47:31.797463+00
be8e03cb-7db3-4489-83ab-8c2cd21de222,,39500574,A Multiparadigm Approach to Characterize Dominance Behaviors in CD1 and C57BL6 Male Mice.,eNeuro,2024,"Cum, Meghan, Santiago Pérez, Jocelyn A, Iwata, Ryo L, Lopez, Naeliz, Higgs, Aidan, Li, Albert, Ye, Charles, Wangia, Erika, Wright, Elizabeth S, García Restrepo, Catalina, Padilla-Coreano, Nancy",0009-0004-9299-992X;0000-0002-6329-7441;0009-0001-4532-5074;0000-0001-9293-2697,5,1.4471528532073035,"dominance;mouse strain;Animals;Male;Mice, Inbred C57BL;Social Dominance;Behavior, Animal;Mice;Species Specificity;Aggression;Agonistic Behavior;Reward;Machine Learning",https://pubmed.ncbi.nlm.nih.gov/39500574/,consortium-alpha,Public,policy-public-read,,,,crossref-ingestion-agent,2026-08-11 18:47:31.797463+00
0541daa7-93d6-40d2-a2fe-db781238ac69,,38670278,Dopamine depletion weakens direct pathway modulation of SNr neurons.,Neurobiol Dis,2024,"Aristieta, Asier, Parker, John E, Gao, Ya Emma, Rubin, Jonathan E, Gittis, Aryn H",,8,1.9355241064832,"Basal ganglia;GPe;Parkinson's;Striatum;Animals;Dopamine;Neurons;Pars Reticulata;Neural Pathways;Mice;Male;Mice, Inbred C57BL;Oxidopamine;gamma-Aminobutyric Acid;GABAergic Neurons",https://pubmed.ncbi.nlm.nih.gov/38670278/,consortium-alpha,Public,policy-public-read,,,,crossref-ingestion-agent,2026-08-11 18:47:31.797463+00
40d66e6d-08ed-441b-b36a-daf4f39ccd45,,38014127,A behavioral roadmap for the development of agency in the rodent.,bioRxiv,2024,"Mitelut, Catalin, Diez Castro, Marielisa, Peterson, Ralph Emilio, Goncalves, Maria, Li, Jennifer, Gamer, Madeline Marie, Nilsson, Simon R O, Pereira, Talmo D, Sanes, Dan H",0000-0003-0471-9816;0009-0007-1271-2434,0,0,,https://pubmed.ncbi.nlm.nih.gov/38014127/,consortium-alpha,Public,policy-public-read,,,,crossref-ingestion-agent,2026-08-11 18:47:31.797463+00
c0dee7de-b557-4f51-a36d-15e401a54581,,39242944,Dissociative and prioritized modeling of behaviorally relevant neural dynamics using recurrent neural networks.,Nat Neurosci,2024,"Sani, Omid G, Pesaran, Bijan, Shanechi, Maryam M",0000-0003-3032-5669;0000-0003-4116-0038;0000-0002-0544-7720,27,5.38413291674975,"Neural Networks, Computer;Animals;Models, Neurological;Nonlinear Dynamics;Neurons;Male;Action Potentials;Nerve Net",https://pubmed.ncbi.nlm.nih.gov/39242944/,consortium-alpha,Public,policy-public-read,,,,crossref-ingestion-agent,2026-08-11 18:47:31.797463+00
fe90b0f8-84b3-4b76-a868-d6810130ebf9,,40747296,A microbiota-epigenetic circuit controls systematic circadian programs in the gut epithelium.,Front Syst Biol,2023,"Ma, Junjie, Zhang, Jianglin, Kuang, Zheng",,4,0.45292578071214606,HDAC3;cell proliferation;circadian rhythm;histone acetylation;intestinal epithelial cells;metabolism and immunity;microbiome,https://pubmed.ncbi.nlm.nih.gov/40747296/,consortium-alpha,Public,policy-public-read,,,,crossref-ingestion-agent,2026-08-11 18:47:31.797463+00
050150c7-98b6-4514-8186-541a2999f7d9,,38196745,Rethinking the external globus pallidus and information flow in cortico-basal ganglia-thalamic circuits.,ArXiv,2023,"Giossi, Cristina, Rubin, Jonathan E, Gittis, Aryn, Verstynen, Timothy, Vich, Catalina",,0,0,,https://pubmed.ncbi.nlm.nih.gov/38196745/,consortium-alpha,Public,policy-public-read,,,,crossref-ingestion-agent,2026-08-11 18:47:31.797463+00]
